1,Cindra,Gianolini,19615.000000,FirstClass,BB23,Aterrizado
2,Vern,Nutty,15622.120117,EconomyClass,BA64,EnVuelo
3,Godart,Sute,14398.790039,ExecutiveClass,BB23,EnVuelo
4,Murdoch,Feron,18286.750000,ExecutiveClass,AA96,EnHorario
5,Kris,Spawell,19701.509766,EconomyClass,BA64,EnHorario
6,Jasmina,Geck,6175.689941,FirstClass,BA64,Aterrizado
7,Marshal,Kid,8211.269531,ExecutiveClass,BB23,Aterrizado
8,Stormy,Treadgear,12334.879883,FirstClass,BA64,EnHorario
9,Kilian,Figgures,19066.359375,FirstClass,BA64,Demorado
10,Robbyn,Darke,11975.589844,ExecutiveClass,BB23,Demorado
11,Brose,Ivatt,17737.429688,FirstClass,AA96,EnHorario
12,Lazarus,Letty,13060.719727,FirstClass,AA96,EnVuelo
13,Erik,Pauel,19643.939453,EconomyClass,BB23,EnHorario
14,Kaitlin,Rapper,17795.429688,ExecutiveClass,AA96,Aterrizado
15,Gawain,Elsom,19011.640625,EconomyClass,BA64,EnHorario
16,Danya,Porrett,18418.160156,ExecutiveClass,AA96,Demorado
17,Tibold,Dominy,14580.019531,ExecutiveClass,AA96,Aterrizado
18,Rafaello,Reany,19814.240234,EconomyClass,BB23,Aterrizado
19,Kirsti,Gibby,12797.679688,EconomyClass,BB23,EnHorario
20,Maynord,Towlson,19593.810547,FirstClass,BB23,Aterrizado
21,Trixie,Atkin,9707.519531,FirstClass,BA64,Demorado
22,Fidole,Fanshawe,5643.850098,FirstClass,BA64,Aterrizado
23,Wylma,Faier,5085.470215,FirstClass,BA64,Aterrizado
24,Rahal,Mantione,10409.459961,ExecutiveClass,BA64,Aterrizado
25,Petunia,Garci,16295.049805,FirstClass,BB23,EnHorario
26,Dieter,Clarson,15501.230469,ExecutiveClass,BA64,Aterrizado
27,Nikolia,Gilders,5391.950195,ExecutiveClass,BB23,Aterrizado
28,Tuesday,Fillingham,7596.520020,FirstClass,BA64,Aterrizado
29,Jdavie,Maddin,15230.299805,ExecutiveClass,BA64,EnVuelo
30,Tiler,Tiffin,19682.359375,ExecutiveClass,BA64,Demorado
31,Shelia,Ambrodi,15725.169922,FirstClass,BA64,EnVuelo
32,Norby,Brake,12657.639648,EconomyClass,BB23,Demorado
33,Gareth,Izakoff,10127.509766,ExecutiveClass,BA64,EnVuelo
34,Suzann,Morstatt,8146.600098,FirstClass,BA64,Aterrizado
35,Peirce,Le Claire,9839.650391,ExecutiveClass,BB23,EnHorario
36,Aubry,Flewitt,13652.389648,ExecutiveClass,BB23,EnHorario
37,Alphonse,Dumphrey,13820.500000,FirstClass,BA64,Aterrizado
38,Rena,Trenholme,15772.400391,FirstClass,BA64,Demorado
39,Georgetta,Wombwell,8234.110352,ExecutiveClass,AA96,EnHorario
40,Marinna,Thackray,7238.689941,EconomyClass,BB23,EnVuelo
41,Gabi,Tuson,6571.240234,ExecutiveClass,BA64,Aterrizado
42,Aime,Wisden,8886.160156,FirstClass,BA64,EnHorario
43,Donnajean,Greenleaf,10069.150391,FirstClass,AA96,EnHorario
44,Wayland,Combe,13145.000000,ExecutiveClass,AA96,EnVuelo
45,Gare,Reams,9631.799805,ExecutiveClass,AA96,Demorado
46,Ellswerth,Selbie,18333.810547,EconomyClass,BA64,Aterrizado
47,Shelbi,Pfeffer,14909.700195,EconomyClass,AA96,Demorado
48,Berty,Ludmann,15910.230469,EconomyClass,BA64,EnHorario
49,Judie,Oxshott,13157.099609,FirstClass,BB23,Demorado
50,Wallie,Malecky,14669.320313,FirstClass,BB23,EnHorario
51,Payton,Bourley,14528.150391,FirstClass,BA64,EnHorario
52,Brett,Yakushkin,8894.620117,EconomyClass,BA64,EnHorario
53,Giavani,Mutch,7705.189941,ExecutiveClass,BB23,Demorado
54,Brittni,Guinnane,7762.970215,FirstClass,BA64,EnHorario
55,Nicola,Tinklin,15637.219727,EconomyClass,BB23,Aterrizado
56,Allie,Gaskins,5450.379883,ExecutiveClass,BA64,EnVuelo
57,Chris,Whitwham,5571.580078,FirstClass,AA96,EnHorario
58,Thorpe,Pudding,11503.799805,FirstClass,BB23,Aterrizado
59,Donna,Boud,18095.070313,ExecutiveClass,BB23,Aterrizado
60,Wendeline,Dark,19289.500000,EconomyClass,AA96,Demorado
61,Carey,Johansen,14164.419922,FirstClass,BA64,Aterrizado
62,Maryrose,Rickell,7913.649902,EconomyClass,AA96,Demorado
63,Hettie,Hencke,16554.919922,FirstClass,BB23,Demorado
64,Lianne,Spearing,5688.709961,EconomyClass,BA64,Aterrizado
65,Vitoria,Girardengo,6927.040039,EconomyClass,BA64,EnVuelo
66,Appolonia,Oriel,9593.169922,ExecutiveClass,BA64,EnVuelo
67,Aland,Uttermare,9085.190430,FirstClass,BA64,EnHorario
68,Ewan,McPharlain,19939.380859,EconomyClass,AA96,EnHorario
69,Hadley,Neathway,17296.949219,EconomyClass,AA96,Aterrizado
70,Constantine,Phippin,6198.020020,EconomyClass,BA64,Aterrizado
71,Gerti,Bartlomiej,18433.570313,ExecutiveClass,BB23,Aterrizado
72,Alyse,Goodfellowe,17180.130859,FirstClass,AA96,EnVuelo
73,Korney,Absolem,11915.719727,EconomyClass,BA64,Aterrizado
74,Orsola,Jerson,12181.019531,ExecutiveClass,AA96,Aterrizado
75,Virgie,Chardin,18801.400391,EconomyClass,BB23,EnHorario
76,Ronna,Trevallion,13988.450195,EconomyClass,AA96,Demorado
77,Ashly,Danskine,18317.789063,EconomyClass,BB23,Demorado
78,Brennen,Bilbrooke,6331.439941,EconomyClass,BA64,EnHorario
79,Morgen,Petrashkov,11804.089844,ExecutiveClass,BB23,EnVuelo
80,Nap,Tortice,18026.470703,FirstClass,BB23,EnVuelo
81,Chaddy,Klima,6168.430176,EconomyClass,AA96,EnHorario
82,Kalinda,Lillistone,9827.980469,ExecutiveClass,AA96,Demorado
83,Garrek,Meese,6951.779785,EconomyClass,BB23,Demorado
84,Gerladina,Blethin,11263.400391,ExecutiveClass,BA64,Aterrizado
85,Gwyn,Kinchington,9256.200195,ExecutiveClass,BB23,EnHorario
86,Reggis,Hillum,18770.630859,ExecutiveClass,BA64,Aterrizado
87,Fiona,Sheringham,5878.000000,ExecutiveClass,BB23,EnVuelo
88,Marjy,Moxstead,8663.419922,EconomyClass,AA96,Demorado
89,Ari,Sadd,7530.200195,ExecutiveClass,BB23,EnVuelo
90,Giralda,Lamprecht,15265.509766,EconomyClass,BA64,Demorado
91,Thoma,Herries,19462.080078,ExecutiveClass,AA96,EnHorario
92,Rafaela,Broomhead,5486.209961,ExecutiveClass,BB23,EnVuelo
93,Kelli,Juszkiewicz,18533.460938,FirstClass,AA96,Aterrizado
94,Maryrose,Hannis,16961.539063,ExecutiveClass,BB23,Demorado
95,Jorey,Plaid,19829.259766,FirstClass,BA64,Aterrizado
96,Langsdon,Hurles,14863.849609,EconomyClass,BB23,Demorado
97,Cindi,Coupar,17958.939453,ExecutiveClass,AA96,Demorado
98,Georgina,Geeraert,14003.570313,EconomyClass,BB23,EnVuelo
99,Zora,Kniveton,17822.009766,FirstClass,BA64,Demorado
100,Edlin,Fountain,14853.110352,EconomyClass,BB23,Demorado
101,Kerk,Batterton,15212.669922,FirstClass,BA64,EnVuelo
102,Amery,Vaar,5779.319824,FirstClass,AA96,EnHorario
103,Lyndsay,Sketchley,17845.050781,ExecutiveClass,BB23,EnVuelo
104,Lauree,Osbidston,12180.469727,FirstClass,BB23,Aterrizado
105,Bren,Grigorian,18705.039063,EconomyClass,BB23,Demorado
106,Lavena,Stiggles,19157.980469,EconomyClass,AA96,EnHorario
107,Marijn,Purves,8072.370117,FirstClass,AA96,Aterrizado
108,Melisandra,McConville,7617.029785,FirstClass,BB23,Aterrizado
109,Ameline,Farren,18652.000000,ExecutiveClass,BB23,Demorado
110,Eryn,Kordas,7332.319824,ExecutiveClass,BA64,EnHorario
111,Gustave,De Giorgis,17009.669922,EconomyClass,BA64,EnVuelo
112,Gaspar,Roubottom,17367.599609,EconomyClass,BA64,Aterrizado
113,Agnese,Yurshev,6367.589844,ExecutiveClass,AA96,EnVuelo
114,Charyl,Marques,10957.950195,FirstClass,BB23,Demorado
115,Hortensia,Bianco,15265.490234,FirstClass,BB23,Demorado
116,Lisha,Giacobini,10221.059570,ExecutiveClass,AA96,EnVuelo
117,Weidar,Yerborn,12761.379883,FirstClass,BB23,Demorado
118,Traci,Yeo,15112.940430,ExecutiveClass,AA96,EnHorario
119,Cordelia,Manvell,15727.110352,EconomyClass,BA64,Demorado
120,Jermayne,Rubinowicz,17952.599609,EconomyClass,AA96,Demorado
121,Valry,Studdard,10994.349609,EconomyClass,BA64,Aterrizado
122,Halimeda,Hagart,8141.379883,FirstClass,BB23,EnHorario
123,Shawn,Bryant,14918.309570,ExecutiveClass,BA64,EnHorario
124,Marion,Priestner,19307.560547,ExecutiveClass,AA96,Demorado
125,Florri,Shepeard,7945.850098,EconomyClass,BA64,EnHorario
126,Ive,Rourke,17577.939453,FirstClass,BA64,EnHorario
127,Hollie,Erickssen,6209.870117,ExecutiveClass,BB23,EnVuelo
128,Vassili,Renehan,15915.500000,ExecutiveClass,BB23,EnHorario
129,Nettie,Flockhart,17891.259766,EconomyClass,BB23,Aterrizado
130,Carly,Sandon,8280.309570,EconomyClass,BA64,EnHorario
131,Salim,Rosario,18172.619141,EconomyClass,AA96,EnVuelo
132,Lazare,McIlwreath,16172.370117,ExecutiveClass,BA64,Aterrizado
133,Jarrod,Whitehorne,19962.820313,EconomyClass,AA96,Aterrizado
134,Shaun,Dencs,6461.839844,EconomyClass,AA96,EnVuelo
135,Dani,Lynnett,14239.879883,EconomyClass,BB23,EnHorario
136,Mehetabel,Tremblot,9301.669922,FirstClass,AA96,EnVuelo
137,Spike,Szwarc,17571.830078,EconomyClass,AA96,EnVuelo
138,Genovera,Simone,8849.879883,FirstClass,AA96,Demorado
139,Lillian,Duffrie,14042.519531,FirstClass,BA64,Demorado
140,Lea,Crosskell,10343.740234,EconomyClass,BA64,EnVuelo
141,Dion,Dalglish,5144.640137,EconomyClass,BA64,Aterrizado
142,Brena,Roden,8364.620117,ExecutiveClass,AA96,EnVuelo
143,Bradney,Rhyme,17093.210938,ExecutiveClass,AA96,EnVuelo
144,Caitrin,Kibard,8762.400391,ExecutiveClass,AA96,EnVuelo
145,Westbrook,Kienl,7987.629883,FirstClass,AA96,Aterrizado
146,Ariana,Soutter,13579.900391,FirstClass,BA64,Demorado
147,Jorgan,Gilding,13963.200195,FirstClass,BA64,EnHorario
148,Filia,Blaskett,6560.689941,EconomyClass,BB23,EnVuelo
149,Cristine,Scrivin,18243.869141,FirstClass,BA64,EnVuelo
150,Jamison,Hotson,9600.530273,FirstClass,BA64,Aterrizado
151,Arnaldo,Beton,5877.560059,EconomyClass,BA64,Aterrizado
152,Nicolais,Moloney,16940.410156,EconomyClass,AA96,EnHorario
153,Goldie,Houlden,6352.660156,ExecutiveClass,BA64,EnHorario
154,Mickie,Fitton,12341.129883,EconomyClass,BB23,Demorado
155,Marguerite,Landall,12270.419922,EconomyClass,BA64,Demorado
156,Joni,Ciciotti,7446.709961,ExecutiveClass,BB23,EnHorario
157,Cyril,Flintiff,6504.299805,FirstClass,AA96,EnVuelo
158,Laurie,Speachley,14132.099609,ExecutiveClass,BA64,EnVuelo
159,Francisca,Skillington,6534.470215,ExecutiveClass,BB23,EnHorario
160,Waiter,Letterick,11081.330078,ExecutiveClass,BB23,Aterrizado
161,Vonnie,Summerlee,5997.140137,EconomyClass,AA96,EnHorario
162,Holli,Gidden,11081.639648,FirstClass,BA64,EnVuelo
163,Tedda,Saer,13102.410156,FirstClass,BB23,EnVuelo
164,Carlin,Salkild,14655.070313,FirstClass,BA64,EnVuelo
165,Melodie,Schankelborg,10198.959961,FirstClass,BB23,EnHorario
166,Waldon,Dalwood,12080.299805,FirstClass,BB23,EnHorario
167,Gil,Jaggs,13093.120117,EconomyClass,BB23,EnVuelo
168,Angus,Iacapucci,7576.689941,EconomyClass,BB23,Demorado
169,Timmi,Parffrey,9693.889648,EconomyClass,AA96,EnHorario
170,Frederick,Jendricke,9856.219727,ExecutiveClass,BA64,Aterrizado
171,Elicia,Waters,6066.109863,EconomyClass,BA64,Aterrizado
172,Evelin,Beardow,14931.540039,ExecutiveClass,BB23,EnHorario
173,Geri,Buckthought,10024.009766,EconomyClass,BA64,Demorado
174,Cross,Martignon,18311.619141,EconomyClass,BA64,EnVuelo
175,Colline,Bassano,14947.639648,ExecutiveClass,BB23,EnVuelo
176,Charyl,Groucutt,19169.230469,EconomyClass,BB23,Demorado
177,Julee,Kyle,7226.080078,ExecutiveClass,BA64,EnVuelo
178,Alfi,Kilgallen,19825.089844,FirstClass,AA96,Demorado
179,Ranee,Harbertson,17509.070313,FirstClass,AA96,EnHorario
180,Alisun,Korneev,17501.279297,ExecutiveClass,AA96,EnVuelo
181,Thaddus,Myner,14727.549805,ExecutiveClass,BB23,EnHorario
182,El,Graddon,15885.940430,FirstClass,BA64,EnVuelo
183,Claudianus,Sinkinson,10670.719727,FirstClass,AA96,Aterrizado
184,Darbie,Tylor,7178.169922,FirstClass,AA96,EnHorario
185,Glenine,Calvard,7654.430176,ExecutiveClass,AA96,EnVuelo
186,Corny,Iacopo,7660.160156,FirstClass,BB23,EnHorario
187,Abrahan,Uzelli,18726.580078,FirstClass,BA64,Demorado
188,Iorgo,Anan,13641.780273,EconomyClass,BA64,EnHorario
189,Brett,Yanuk,16766.900391,EconomyClass,AA96,Demorado
190,Rube,Winnett,14145.290039,EconomyClass,BA64,Demorado
191,Marley,Sweetmore,17292.750000,EconomyClass,BA64,EnVuelo
192,Gertruda,Hugo,19152.060547,FirstClass,BA64,EnHorario
193,Briggs,Whitton,14860.860352,ExecutiveClass,BB23,EnHorario
194,Otho,Keaves,13817.169922,FirstClass,BA64,EnHorario
195,Gabbi,Luebbert,17670.019531,FirstClass,BB23,Demorado
196,Danika,Grassot,7930.379883,EconomyClass,AA96,Aterrizado
197,Amalee,Cuckson,13173.799805,FirstClass,BA64,Aterrizado
198,Kristen,Klink,11115.769531,ExecutiveClass,BB23,Aterrizado
199,Justinian,Goody,7102.200195,FirstClass,BB23,EnHorario
200,Kari,Mongeot,11091.269531,FirstClass,BB23,EnVuelo
201,Salvatore,Simmank,16193.419922,EconomyClass,BA64,Demorado
202,Josi,Pllu,17400.300781,EconomyClass,BB23,Demorado
203,Benny,O'Sheilds,15630.269531,EconomyClass,AA96,EnHorario
204,Bank,Mallya,8424.540039,ExecutiveClass,BA64,Aterrizado
205,Justen,Bertot,13658.509766,ExecutiveClass,BB23,Demorado
206,Cody,Godwin,9922.389648,FirstClass,BB23,Demorado
207,Arnoldo,Oliphant,9716.790039,ExecutiveClass,BB23,Demorado
208,Madonna,Garron,19913.900391,EconomyClass,AA96,EnHorario
209,Von,Hassen,10504.320313,EconomyClass,BA64,Aterrizado
210,Gayleen,Sherland,8817.870117,EconomyClass,BB23,Demorado
211,Andris,Ferreiro,18685.259766,ExecutiveClass,BB23,EnVuelo
212,Rory,Fernandez,15718.349609,EconomyClass,AA96,Aterrizado
213,Florina,Domleo,16858.820313,ExecutiveClass,BA64,Aterrizado
214,Price,Mithun,10955.530273,ExecutiveClass,BA64,EnHorario
215,Barclay,Almeida,6922.540039,FirstClass,AA96,Demorado
216,Mahala,Rouff,7849.500000,ExecutiveClass,BA64,Aterrizado
217,Ingrid,Faichnie,11315.809570,EconomyClass,AA96,Demorado
218,Dorette,Kinig,16698.050781,ExecutiveClass,BB23,EnHorario
219,Rori,Hardes,12031.190430,EconomyClass,BB23,EnHorario
220,Sheryl,Fear,5950.950195,FirstClass,AA96,Aterrizado
221,Shannan,Spadari,6349.930176,ExecutiveClass,BB23,EnVuelo
222,Bebe,Summers,9055.870117,EconomyClass,BA64,EnHorario
223,Emery,Hylden,17157.669922,FirstClass,AA96,Aterrizado
224,Merill,Farloe,10913.750000,FirstClass,AA96,EnHorario
225,Glynn,Powers,18482.949219,EconomyClass,BA64,EnVuelo
226,Malachi,Soeiro,5309.120117,EconomyClass,AA96,Demorado
227,Maure,Boulsher,16743.470703,ExecutiveClass,BA64,EnVuelo
228,Walther,Patise,13564.419922,EconomyClass,BB23,Aterrizado
229,Flss,Lines,14430.320313,EconomyClass,BB23,Aterrizado
230,Margie,Frankcomb,6689.810059,FirstClass,BB23,EnVuelo
231,Bertina,Gainforth,11462.629883,ExecutiveClass,AA96,Demorado
232,Shandie,Heberden,8801.940430,EconomyClass,AA96,EnVuelo
233,Norina,Accum,12943.209961,EconomyClass,BA64,Demorado
234,Barney,Coster,16587.359375,FirstClass,BB23,EnHorario
235,Ferris,Redit,16267.690430,EconomyClass,BB23,Aterrizado
236,Vida,Tatlock,5684.660156,ExecutiveClass,AA96,EnVuelo
237,Shea,Grinvalds,11180.730469,ExecutiveClass,BA64,EnHorario
238,Tarrah,De Biaggi,17848.460938,FirstClass,AA96,EnHorario
239,Lacie,Dymick,19668.310547,EconomyClass,BB23,Aterrizado
240,Clark,Clemas,14542.049805,ExecutiveClass,BA64,Aterrizado
241,Artie,Geffcock,13984.490234,EconomyClass,AA96,Demorado
242,Rufus,Billett,14835.690430,EconomyClass,BA64,Demorado
243,Nevin,Gwioneth,15064.940430,FirstClass,BA64,EnHorario
244,Ricca,Manes,17054.699219,ExecutiveClass,AA96,EnHorario
245,Mathilde,Seefus,16168.830078,EconomyClass,BB23,Demorado
246,Silvan,Wadeson,6850.229980,EconomyClass,BA64,EnHorario
247,Ladonna,Crowcher,11054.660156,ExecutiveClass,BA64,EnVuelo
248,Lydie,Longthorn,10501.290039,ExecutiveClass,BA64,Aterrizado
249,Myrle,Conws,15157.990234,FirstClass,BB23,EnVuelo
250,Georgie,Worsam,15315.719727,ExecutiveClass,AA96,Aterrizado
251,Malinda,Nesby,17900.230469,FirstClass,AA96,EnVuelo
252,Averill,Pothecary,11447.759766,ExecutiveClass,BA64,Aterrizado
253,Inigo,Maccrea,5433.200195,EconomyClass,AA96,EnVuelo
254,Hillel,Thurlbeck,5130.319824,EconomyClass,BA64,EnHorario
255,Adoree,Kelshaw,10575.120117,FirstClass,BB23,EnVuelo
256,Bell,Stuart,14181.700195,EconomyClass,BB23,EnHorario
257,Raul,Carvill,7655.729980,EconomyClass,BA64,EnHorario
258,Bellanca,Mollnar,16938.470703,ExecutiveClass,AA96,Aterrizado
259,Sunshine,Rimmer,7267.520020,FirstClass,AA96,Aterrizado
260,Terrie,Robrose,11094.219727,ExecutiveClass,AA96,Demorado
261,Curtis,Reinhart,8195.769531,EconomyClass,BB23,EnHorario
262,Brandie,Negal,9822.980469,FirstClass,BA64,Demorado
263,Siward,Goede,17815.710938,EconomyClass,AA96,EnHorario
264,Norma,Rioch,19739.660156,ExecutiveClass,BB23,EnVuelo
265,Clive,Dusey,19376.380859,EconomyClass,BB23,EnHorario
266,Nealson,Ausiello,19079.250000,FirstClass,BB23,Aterrizado
267,Rudolf,Serraillier,5029.069824,ExecutiveClass,BB23,EnHorario
268,Ross,Draysey,7546.600098,ExecutiveClass,BB23,Demorado
269,Caye,Vassbender,10272.799805,ExecutiveClass,AA96,Demorado
270,Chaim,Porter,8161.040039,EconomyClass,BA64,Aterrizado
271,Say,Tattersall,8932.339844,FirstClass,AA96,EnVuelo
272,Marylinda,Diviny,19727.310547,FirstClass,AA96,EnHorario
273,Alis,Venner,6959.640137,FirstClass,BB23,EnVuelo
274,Andrea,O'Finan,17235.789063,ExecutiveClass,BB23,EnHorario
275,Eddy,Acutt,12654.320313,EconomyClass,AA96,EnHorario
276,Dean,Gennerich,13433.120117,ExecutiveClass,BA64,EnVuelo
277,Othelia,Fermer,8389.870117,EconomyClass,BB23,Aterrizado
278,Kahaleel,Griffoen,13098.530273,EconomyClass,BB23,EnHorario
279,Lion,Genney,8381.950195,EconomyClass,BA64,Demorado
280,Rene,Laurentino,18183.480469,FirstClass,BA64,Demorado
281,Kinnie,Conigsby,14448.759766,ExecutiveClass,BB23,EnHorario
282,Bondy,Eckhard,15579.000000,FirstClass,BA64,Demorado
283,Udell,Fairbourn,19682.470703,EconomyClass,AA96,Demorado
284,Frank,Stafford,9293.290039,ExecutiveClass,BA64,Demorado
285,Brenna,Scotter,12058.929688,FirstClass,BA64,EnVuelo
286,Amabel,Furness,7621.819824,EconomyClass,AA96,EnVuelo
287,Humphrey,Vasyaev,11063.240234,FirstClass,BA64,EnHorario
288,Matty,Kemmish,9778.370117,FirstClass,BA64,Demorado
289,Muriel,Coghlan,7904.830078,FirstClass,AA96,Demorado
290,Eolande,Maffucci,8496.030273,ExecutiveClass,BB23,EnHorario
291,Rozamond,Ousby,17422.330078,EconomyClass,BA64,EnHorario
292,Saul,Critchley,18340.160156,ExecutiveClass,AA96,Demorado
293,Zachery,Spirit,11697.889648,ExecutiveClass,AA96,EnVuelo
294,Marchelle,Willimott,18405.179688,ExecutiveClass,BA64,Demorado
295,Bessy,Moohan,6481.930176,FirstClass,BA64,EnHorario
296,Donica,Oley,16779.160156,FirstClass,AA96,Demorado
297,Lalo,Micklewicz,8821.070313,ExecutiveClass,BB23,EnVuelo
298,Sylvester,Robun,19695.630859,ExecutiveClass,AA96,Aterrizado
299,Vassili,Golder,17852.919922,ExecutiveClass,BB23,Demorado
300,Steven,Aldrick,5099.089844,ExecutiveClass,AA96,Demorado
301,Rutherford,Burchmore,13018.540039,ExecutiveClass,BA64,Aterrizado
302,Vin,Freyn,19731.730469,FirstClass,BA64,EnHorario
303,Geoffrey,Menico,10375.629883,FirstClass,BB23,Aterrizado
304,Kyla,Goodyer,10456.419922,FirstClass,BA64,EnVuelo
305,Kissiah,Yitzovitz,17250.630859,FirstClass,BA64,Demorado
306,Ardenia,Mullan,17182.839844,ExecutiveClass,BB23,Demorado
307,Ginnie,Garrett,15740.990234,ExecutiveClass,BB23,Demorado
308,Tisha,Lundon,19564.199219,ExecutiveClass,BB23,Aterrizado
309,Lesley,Romanin,19648.500000,ExecutiveClass,BA64,Aterrizado
310,Ranice,Ussher,11390.240234,EconomyClass,BA64,EnVuelo
311,Marcel,Enderson,12777.139648,ExecutiveClass,BA64,Demorado
312,Jeffrey,Drysdale,19335.810547,ExecutiveClass,AA96,Demorado
313,See,Martinyuk,8416.709961,FirstClass,BB23,Aterrizado
314,Sonnie,Kedward,11791.179688,ExecutiveClass,AA96,EnHorario
315,Melisse,Ary,11452.959961,FirstClass,BA64,Demorado
316,Des,Spadelli,19293.109375,ExecutiveClass,AA96,Demorado
317,Whitaker,Sloat,19897.929688,EconomyClass,BB23,Aterrizado
318,Roderigo,Becken,11023.469727,FirstClass,BA64,Demorado
319,Katharina,Thewles,5208.279785,EconomyClass,BA64,EnVuelo
320,Lesley,Antowski,9371.679688,EconomyClass,BA64,Demorado
321,Gae,Fishly,7928.450195,FirstClass,BA64,Demorado
322,Abbott,McGaughay,9805.150391,FirstClass,BA64,EnVuelo
323,Cornie,Merrywether,19816.949219,EconomyClass,AA96,Demorado
324,Rowan,Torrejon,17096.660156,ExecutiveClass,AA96,EnHorario
325,Vin,Angelo,11342.980469,ExecutiveClass,AA96,Aterrizado
326,Hayyim,Reddin,13899.419922,EconomyClass,BA64,EnHorario
327,Normie,Rasper,5808.540039,EconomyClass,AA96,EnVuelo
328,Felic,Danaher,11773.990234,EconomyClass,AA96,Demorado
329,Jacinta,Warrell,17078.199219,ExecutiveClass,BB23,EnVuelo
330,Kerstin,Calbaithe,14121.469727,FirstClass,AA96,Aterrizado
331,Rina,Pacitti,7113.810059,ExecutiveClass,BA64,Demorado
332,Alphonso,Dearell,19807.419922,FirstClass,BA64,EnHorario
333,Wallace,Hoggin,12424.370117,ExecutiveClass,BA64,Aterrizado
334,Archibaldo,Scottesmoor,10896.019531,EconomyClass,BA64,EnVuelo
335,Nicolea,Kleis,14924.620117,FirstClass,BA64,Demorado
336,Haroun,Cheek,15061.259766,ExecutiveClass,BB23,Demorado
337,Allegra,Haggerston,18519.240234,EconomyClass,BB23,Demorado
338,Megen,Allett,18682.730469,ExecutiveClass,BA64,EnHorario
339,Beitris,Caddock,19759.580078,ExecutiveClass,BB23,Aterrizado
340,Daphene,Grzelczak,17166.669922,ExecutiveClass,AA96,Aterrizado
341,Duane,Ely,12676.469727,EconomyClass,AA96,Aterrizado
342,Arabela,Cowill,7362.859863,FirstClass,AA96,Aterrizado
343,Chicky,Clemmitt,9860.790039,FirstClass,AA96,Demorado
344,Lou,Thripp,6936.120117,FirstClass,BB23,Aterrizado
345,Leigha,Schoenrock,17568.970703,FirstClass,BA64,EnVuelo
346,Birgitta,Jaffray,17582.210938,ExecutiveClass,BA64,Aterrizado
347,Vaughan,Ransome,14134.759766,FirstClass,BB23,Demorado
348,Buffy,Ioselevich,9628.349609,FirstClass,BA64,Aterrizado
349,Hedda,Coenraets,12147.509766,ExecutiveClass,BA64,Aterrizado
350,Allison,Mealing,18936.550781,ExecutiveClass,BA64,EnHorario
351,Simone,Sheaf,12331.379883,EconomyClass,BA64,EnHorario
352,Cilka,O'Cannan,5839.689941,EconomyClass,BB23,EnHorario
353,Purcell,Arends,18115.189453,FirstClass,BA64,Demorado
354,Rawley,Bernardo,14182.360352,EconomyClass,AA96,EnVuelo
355,Cookie,Delieu,11323.349609,ExecutiveClass,AA96,Aterrizado
356,Jacques,Murrey,15450.209961,FirstClass,BA64,Aterrizado
357,Shepard,Bootes,6003.029785,FirstClass,BB23,Aterrizado
358,Jillene,Shipcott,18992.500000,ExecutiveClass,BA64,Demorado
359,Bogey,Mundford,9207.490234,FirstClass,BA64,Demorado
360,Merell,Carefull,13780.290039,EconomyClass,BA64,EnHorario
361,Montgomery,Seel,15271.320313,EconomyClass,BA64,EnHorario
362,Alverta,Fearne,19688.269531,ExecutiveClass,BA64,EnVuelo
363,Ramonda,Cray,8707.959961,ExecutiveClass,AA96,EnVuelo
364,Mallissa,Puttnam,5999.330078,FirstClass,AA96,EnHorario
365,Lexine,Finneran,6134.520020,EconomyClass,BB23,Aterrizado
366,Raddy,Anderer,16134.849609,ExecutiveClass,AA96,Aterrizado
367,Marshal,Islep,7934.620117,FirstClass,AA96,EnHorario
368,Urbanus,Anglish,11714.969727,FirstClass,AA96,Demorado
369,Ryan,Iacovini,10634.360352,EconomyClass,BB23,EnVuelo
370,Leoline,Brogi,5356.669922,ExecutiveClass,BA64,EnHorario
371,Ely,Hambright,11097.410156,FirstClass,AA96,EnVuelo
372,Marchall,Dowdam,14691.690430,EconomyClass,BA64,Aterrizado
373,Northrop,Culter,13002.839844,ExecutiveClass,BB23,Demorado
374,Romain,Birdwhistle,12596.360352,ExecutiveClass,BB23,Demorado
375,Kaia,Knapp,8935.419922,FirstClass,AA96,Demorado
376,Trent,MacCaffery,8334.910156,EconomyClass,BA64,Demorado
377,Hamlen,Scothern,16901.929688,EconomyClass,BA64,Demorado
378,Rhea,Bull,15195.900391,ExecutiveClass,AA96,EnVuelo
379,Egor,Jankowski,12724.559570,EconomyClass,AA96,EnHorario
380,Hyman,Finnie,12151.860352,EconomyClass,BB23,Demorado
381,Phoebe,Toothill,19656.320313,EconomyClass,BA64,Aterrizado
382,Dorolisa,Carn,7148.279785,EconomyClass,AA96,Demorado
383,Candida,Nend,18933.460938,EconomyClass,BB23,EnHorario
384,Sarette,Murdie,17868.939453,EconomyClass,BA64,Aterrizado
385,Jocelyn,Monni,11070.950195,EconomyClass,AA96,EnHorario
386,Fee,Geroldo,15051.200195,EconomyClass,BA64,Aterrizado
387,Glenden,Bohan,14283.179688,FirstClass,AA96,EnVuelo
388,Kellina,Carter,6047.770020,EconomyClass,BA64,Demorado
389,Pennie,MacCafferky,19312.009766,EconomyClass,AA96,Aterrizado
390,Lev,Richemont,16770.650391,FirstClass,BA64,EnHorario
391,Mikey,Giorgini,8500.740234,FirstClass,BA64,Demorado
392,Jacklin,Doby,18374.619141,FirstClass,BB23,EnVuelo
393,Anne-marie,Franz-Schoninger,15793.049805,ExecutiveClass,BB23,Aterrizado
394,Natty,Ferruzzi,17589.970703,EconomyClass,AA96,Demorado
395,Parnell,Blanpein,16041.879883,EconomyClass,AA96,EnHorario
396,Paxton,MacGinlay,13689.719727,ExecutiveClass,BA64,EnHorario
397,Normy,Karczinski,18113.169922,EconomyClass,AA96,Aterrizado
398,Jesus,Wallentin,17088.310547,EconomyClass,AA96,EnVuelo
399,Thadeus,Stathor,16544.730469,FirstClass,BA64,Demorado
400,Batsheva,Gianni,6724.970215,ExecutiveClass,BA64,EnHorario
401,Mandi,Olifard,19993.199219,ExecutiveClass,BA64,Demorado
402,Zonnya,Americi,11999.480469,FirstClass,BA64,EnVuelo
403,Hope,Brotherick,18014.109375,EconomyClass,BA64,Demorado
404,Aggie,Tearney,13781.870117,ExecutiveClass,BB23,Aterrizado
405,Arte,Lunnon,10342.730469,FirstClass,AA96,EnVuelo
406,Padget,Ties,11402.570313,ExecutiveClass,BB23,EnVuelo
407,Akim,Abrehart,14230.500000,EconomyClass,BA64,EnHorario
408,Alane,Peschka,6332.049805,EconomyClass,AA96,Aterrizado
409,Cirillo,Grishankov,14910.519531,EconomyClass,BB23,EnHorario
410,Niven,Alder,19813.330078,FirstClass,AA96,EnVuelo
411,Vinnie,Apfel,16021.280273,ExecutiveClass,BA64,EnHorario
412,Harwilll,Toppin,5309.319824,EconomyClass,AA96,Demorado
413,Kylen,Kenlin,19150.689453,EconomyClass,BA64,Demorado
414,Marchelle,Kilmaster,5072.600098,EconomyClass,BA64,EnVuelo
415,Raffarty,Joesbury,12328.240234,EconomyClass,BB23,Aterrizado
416,Klara,Shalcras,9111.179688,ExecutiveClass,BA64,Demorado
417,Gwyn,Gainsford,5112.569824,ExecutiveClass,BA64,Aterrizado
418,Miguel,Lazar,14726.530273,ExecutiveClass,AA96,Aterrizado
419,Cedric,Lomas,7885.339844,FirstClass,BB23,EnVuelo
420,Haskell,Kaygill,19110.480469,EconomyClass,AA96,Aterrizado
421,Dore,Jeness,7937.979980,ExecutiveClass,BB23,Demorado
422,Conney,Lackie,11916.259766,EconomyClass,AA96,EnVuelo
423,Willard,Strood,7032.430176,FirstClass,BB23,Demorado
424,Lainey,Maylor,13610.799805,FirstClass,AA96,Demorado
425,Lawrence,Moehle,9569.440430,EconomyClass,BB23,EnVuelo
426,Latashia,Charette,5763.890137,EconomyClass,AA96,Demorado
427,Haze,Gambell,5739.540039,EconomyClass,AA96,EnHorario
428,Leighton,Stennett,8125.890137,FirstClass,BA64,Demorado
429,Stafford,Walczynski,10774.379883,FirstClass,BA64,Demorado
430,Janeva,Hedingham,14790.719727,EconomyClass,AA96,EnVuelo
431,Issiah,Dawney,16025.469727,FirstClass,AA96,EnVuelo
432,Gerianne,Kermott,11272.950195,EconomyClass,BB23,Aterrizado
433,Sheila,Kneebone,17292.099609,ExecutiveClass,AA96,EnHorario
434,Earvin,Peirpoint,11957.089844,EconomyClass,BB23,EnHorario
435,Aron,Vasyukhichev,11072.969727,ExecutiveClass,AA96,EnVuelo
436,Hayyim,Bick,10444.019531,ExecutiveClass,BB23,Demorado
437,Delmore,Ygoe,11666.240234,ExecutiveClass,BA64,Demorado
438,Maiga,Liccardi,8109.330078,EconomyClass,BB23,EnHorario
439,Devina,Strewthers,14088.889648,ExecutiveClass,AA96,EnVuelo
440,Don,Watkiss,17877.619141,ExecutiveClass,BA64,Aterrizado
441,Hildagard,Hindenberger,14800.299805,ExecutiveClass,BA64,Demorado
442,Ibbie,Coomer,6530.069824,EconomyClass,BB23,Demorado
443,Helaina,Roswarne,15602.889648,FirstClass,BB23,Aterrizado
444,Wheeler,Starcks,13127.419922,EconomyClass,BA64,Demorado
445,Carroll,Stokoe,18759.179688,EconomyClass,BA64,EnHorario
446,Isadora,Godwyn,9524.049805,FirstClass,BA64,Demorado
447,Kelila,Spencer,7522.299805,FirstClass,BB23,EnHorario
448,Bronson,Bridgwater,11461.070313,ExecutiveClass,BA64,Demorado
449,Dougy,Darcey,5140.000000,EconomyClass,BA64,Demorado
450,Bibbye,Ciobotaro,9119.419922,ExecutiveClass,BA64,EnVuelo
451,Gaultiero,Larcombe,9366.690430,ExecutiveClass,BA64,Demorado
452,Fara,Gouth,8099.520020,EconomyClass,BB23,Demorado
453,Colly,Palmby,10106.589844,EconomyClass,AA96,EnVuelo
454,Tiertza,Blainey,15817.379883,EconomyClass,AA96,Demorado
455,Debby,Pegrum,5542.000000,EconomyClass,BB23,EnHorario
456,Isak,Skones,10816.080078,ExecutiveClass,BB23,EnVuelo
457,Tremaine,Renachowski,16269.030273,ExecutiveClass,BA64,Aterrizado
458,Mandel,Acheson,17944.550781,ExecutiveClass,BB23,Aterrizado
459,Berget,Aingel,6851.629883,FirstClass,AA96,EnHorario
460,Torrey,Mawson,9469.589844,ExecutiveClass,BA64,EnVuelo
461,Marielle,Cowl,19685.570313,EconomyClass,AA96,Demorado
462,Leeann,Wykes,13175.549805,FirstClass,AA96,EnVuelo
463,Lindsey,Jeckells,13525.740234,ExecutiveClass,BA64,Aterrizado
464,Bree,Whannel,18453.519531,EconomyClass,AA96,EnVuelo
465,Verine,McGarry,16634.890625,FirstClass,BB23,EnHorario
466,Leupold,Ranyell,18547.119141,FirstClass,AA96,Aterrizado
467,Aloysius,Callum,8550.200195,ExecutiveClass,AA96,EnVuelo
468,Burgess,Orgen,15150.879883,FirstClass,BA64,EnVuelo
469,Levin,Earl,19796.570313,FirstClass,AA96,EnVuelo
470,Burke,Andrieu,11260.389648,ExecutiveClass,BA64,Aterrizado
471,Crista,Dick,16891.650391,FirstClass,BB23,Aterrizado
472,Morena,Reggler,13164.530273,ExecutiveClass,BB23,EnVuelo
473,Saunderson,Barlass,8318.919922,FirstClass,BB23,Demorado
474,Lona,Hampshaw,13802.169922,FirstClass,BA64,EnVuelo
475,Bobine,Sully,9342.389648,FirstClass,AA96,EnHorario
476,Shannen,Whyffen,12307.299805,ExecutiveClass,BA64,EnVuelo
477,Morgan,Atthowe,9547.339844,EconomyClass,AA96,EnHorario
478,Manny,Kirkup,8057.350098,EconomyClass,AA96,EnHorario
479,Antone,Toten,13551.610352,ExecutiveClass,BB23,EnHorario
480,Keary,Wadge,12147.429688,ExecutiveClass,BA64,Aterrizado
481,Gretel,Ollivier,13349.219727,FirstClass,AA96,Aterrizado
482,Jarvis,Syms,13751.459961,FirstClass,BB23,EnHorario
483,Artur,Dingley,17447.880859,EconomyClass,AA96,Demorado
484,Yetty,Droogan,5560.560059,EconomyClass,BB23,EnHorario
485,Emalee,Elcox,9022.040039,EconomyClass,BA64,EnVuelo
486,Dominik,Foxworthy,12074.450195,ExecutiveClass,AA96,Demorado
487,Ignacio,Marzelli,11072.089844,FirstClass,BB23,EnVuelo
488,Jim,Jansens,17285.669922,ExecutiveClass,AA96,EnHorario
489,Liuka,Toleman,15991.620117,EconomyClass,BA64,EnHorario
490,Nanny,O'Neill,16125.160156,EconomyClass,BA64,EnVuelo
491,Chalmers,Pattinson,10108.679688,EconomyClass,BB23,EnHorario
492,Elbertina,Drinan,5185.640137,ExecutiveClass,BB23,Aterrizado
493,Germaine,Falkus,14016.900391,FirstClass,BB23,Aterrizado
494,Tyler,Wellbank,6391.609863,ExecutiveClass,BB23,EnHorario
495,Carmella,Rakestraw,19243.080078,FirstClass,BB23,Demorado
496,Ofelia,Taborre,16424.720703,ExecutiveClass,BA64,EnHorario
497,Hashim,Sainer,5226.109863,EconomyClass,BA64,Demorado
498,Adela,Monshall,8328.169922,FirstClass,BB23,Aterrizado
499,Gavrielle,Wannes,14966.530273,FirstClass,AA96,EnVuelo
500,Kiersten,Pearch,12518.580078,ExecutiveClass,AA96,EnVuelo
501,Michele,Sweet,13098.019531,ExecutiveClass,BA64,EnHorario
502,Brodie,Kroon,9963.519531,FirstClass,AA96,Aterrizado
503,Sheelagh,Kindred,13722.540039,ExecutiveClass,BA64,EnVuelo
504,Elfie,Randalston,5397.470215,EconomyClass,BA64,Demorado
505,Nick,Laxon,12456.620117,ExecutiveClass,BB23,Demorado
506,Cassius,Crumb,16900.660156,ExecutiveClass,BA64,EnVuelo
507,Marvin,Soitoux,14106.280273,ExecutiveClass,AA96,EnHorario
508,Brandice,Pescud,6166.259766,EconomyClass,BA64,Demorado
509,Miguela,Allott,16061.919922,EconomyClass,BB23,Demorado
510,Andrea,Cleyburn,10100.080078,FirstClass,AA96,EnVuelo
511,Berget,Maher,18545.369141,EconomyClass,BA64,Aterrizado
512,Zorana,Coultish,10368.940430,ExecutiveClass,BA64,EnHorario
513,Coleman,Janous,12412.610352,ExecutiveClass,BA64,Demorado
514,Happy,Bleckly,17221.779297,FirstClass,BB23,EnVuelo
515,Patience,Antonat,9603.629883,FirstClass,BB23,EnVuelo
516,Dorette,Rowlings,16676.890625,FirstClass,BA64,Demorado
517,Libbi,Larman,10748.599609,ExecutiveClass,BB23,Aterrizado
518,Rafaela,Scally,13699.250000,FirstClass,BB23,EnVuelo
519,Simeon,Fremantle,18208.429688,FirstClass,AA96,Aterrizado
520,Worth,Simion,10438.610352,EconomyClass,BB23,Demorado
521,Beatriz,Voules,11604.660156,FirstClass,BA64,EnHorario
522,Alic,Maclean,16486.949219,FirstClass,BB23,EnHorario
523,Alec,Fenelon,10427.959961,ExecutiveClass,BA64,Aterrizado
524,Patti,Glasscoo,18441.800781,FirstClass,BA64,Aterrizado
525,Genni,Dundridge,18137.400391,ExecutiveClass,AA96,Demorado
526,Adrian,Aim,11389.769531,FirstClass,BB23,EnVuelo
527,Remus,McTrustrie,18731.539063,FirstClass,BA64,EnHorario
528,Lorine,Gumly,6210.850098,EconomyClass,BA64,Demorado
529,Sol,Altham,14954.120117,ExecutiveClass,AA96,EnVuelo
530,Susannah,Rains,11984.589844,ExecutiveClass,BB23,EnVuelo
531,Bentley,Yourell,9443.349609,EconomyClass,BB23,Aterrizado
532,Arline,Habbon,19146.779297,EconomyClass,BA64,Aterrizado
533,Hogan,Kybert,5377.609863,ExecutiveClass,BA64,EnVuelo
534,Silvano,Wardingley,19831.470703,EconomyClass,BA64,EnHorario
535,Yalonda,Froude,6906.080078,ExecutiveClass,BB23,EnHorario
536,Joella,Galler,16502.259766,FirstClass,BA64,Demorado
537,Ceciley,Markus,9266.099609,EconomyClass,BA64,EnVuelo
538,Ches,Baugham,13352.969727,EconomyClass,AA96,EnHorario
539,Solly,Clappison,16552.589844,EconomyClass,AA96,Demorado
540,Krissy,Olley,8838.290039,EconomyClass,BB23,Aterrizado
541,Maryanna,Fold,8100.399902,ExecutiveClass,BA64,EnVuelo
542,Carny,Fransseni,7346.439941,FirstClass,BA64,Demorado
543,Celene,Fullalove,7657.879883,ExecutiveClass,AA96,EnVuelo
544,Buck,Burford,12529.889648,EconomyClass,BB23,EnHorario
545,Aura,Arnaut,8359.259766,FirstClass,BB23,Demorado
546,Currey,Dane,19223.019531,EconomyClass,BA64,Aterrizado
547,Marylou,Mityashev,14088.540039,FirstClass,AA96,EnHorario
548,Orlan,Lorkins,13581.750000,FirstClass,BB23,Demorado
549,Englebert,Patington,11800.759766,FirstClass,AA96,Demorado
550,Shirlene,Ballance,5298.580078,FirstClass,BA64,EnVuelo
551,Chauncey,Saich,12640.429688,FirstClass,BA64,Demorado
552,Daile,Arnoud,8232.269531,EconomyClass,AA96,Demorado
553,Costanza,Gardener,17417.140625,ExecutiveClass,BA64,EnHorario
554,Brennen,Hurst,8600.440430,ExecutiveClass,AA96,EnHorario
555,Reinwald,Darrigoe,13595.780273,ExecutiveClass,BB23,Demorado
556,Claudine,Weatherburn,8344.540039,EconomyClass,BA64,EnVuelo
557,Cooper,Smittoune,10360.759766,EconomyClass,BB23,Demorado
558,Briny,Eneas,12887.969727,FirstClass,AA96,Demorado
559,Jude,Durning,7955.490234,EconomyClass,BB23,Demorado
560,Felicle,Roylance,13476.019531,ExecutiveClass,BB23,Demorado
561,Bil,Kleinlerer,14735.450195,FirstClass,BB23,Aterrizado
562,Pascal,Glanville,13735.110352,ExecutiveClass,BB23,Demorado
563,Kare,Bridgens,16225.299805,ExecutiveClass,AA96,Aterrizado
564,Gideon,Ballard,6905.370117,FirstClass,BA64,Aterrizado
565,Meggie,Scrowby,12719.700195,ExecutiveClass,BA64,Demorado
566,Rosy,Coils,15460.440430,ExecutiveClass,AA96,EnVuelo
567,Kirsteni,Battersby,17945.300781,EconomyClass,BA64,Demorado
568,Alex,Jilliss,12579.389648,ExecutiveClass,AA96,Aterrizado
569,Augy,Elsy,10714.219727,FirstClass,AA96,EnVuelo
570,Devin,Caldecot,6622.640137,ExecutiveClass,AA96,EnVuelo
571,Kara-lynn,Boraston,12232.650391,EconomyClass,BA64,Aterrizado
572,Auberon,Gladdolph,19914.949219,FirstClass,AA96,Demorado
573,Brock,Fulle,18339.380859,EconomyClass,BB23,Aterrizado
574,Dom,Schrinel,19511.949219,EconomyClass,BB23,EnVuelo
575,Hedvig,Stucke,17267.759766,EconomyClass,BB23,Aterrizado
576,Clarice,Kopje,18479.089844,EconomyClass,AA96,Demorado
577,Kyle,Botterill,13085.509766,ExecutiveClass,BA64,EnHorario
578,Giavani,Grattage,10698.400391,ExecutiveClass,BB23,EnHorario
579,Jillayne,Maxweell,12404.280273,FirstClass,BB23,Demorado
580,Rheta,Devey,17079.390625,EconomyClass,AA96,EnVuelo
581,Wenonah,Connikie,19193.890625,EconomyClass,BB23,Aterrizado
582,Allianora,Matysiak,7896.299805,ExecutiveClass,BA64,Demorado
583,Toddy,Wedge,13285.980469,EconomyClass,AA96,Aterrizado
584,Carol,Jirieck,15549.610352,ExecutiveClass,BB23,EnVuelo
585,Caresa,Nestle,13950.730469,ExecutiveClass,BA64,Demorado
586,Domenic,Cheshir,11322.530273,FirstClass,AA96,Aterrizado
587,Novelia,Ellard,14539.610352,ExecutiveClass,AA96,EnHorario
588,Josias,Fedorski,18596.539063,EconomyClass,AA96,Demorado
589,Ced,Goneau,10433.769531,FirstClass,AA96,Aterrizado
590,Annis,Tenniswood,8757.679688,EconomyClass,BB23,EnVuelo
591,Scottie,Semens,5401.049805,FirstClass,AA96,Aterrizado
592,Saul,Feeney,13878.280273,EconomyClass,AA96,Aterrizado
593,Donni,Paprotny,15607.959961,FirstClass,AA96,EnVuelo
594,Moises,Hargrove,16962.359375,FirstClass,AA96,EnHorario
595,Dalila,Pullan,5255.700195,ExecutiveClass,BA64,Demorado
596,Quinton,Ovill,10779.599609,ExecutiveClass,BB23,EnHorario
597,Garwood,Abram,10871.080078,FirstClass,BB23,Demorado
598,Horst,Kacheller,16712.259766,EconomyClass,AA96,EnHorario
599,Gilberta,Fenny,13419.230469,ExecutiveClass,BB23,EnHorario
600,Jennilee,Le Frank,16734.289063,EconomyClass,AA96,EnHorario
601,Merle,Vaughten,19922.509766,ExecutiveClass,AA96,EnHorario
602,Maurene,Ridger,11292.200195,EconomyClass,BA64,EnVuelo
603,Tandy,Madge,7322.660156,EconomyClass,AA96,EnHorario
604,Olav,Campkin,5742.029785,FirstClass,BA64,EnVuelo
605,Claudius,Pinkerton,15271.440430,ExecutiveClass,AA96,EnHorario
606,Darcy,Starkey,6170.819824,EconomyClass,BA64,Aterrizado
607,Ikey,Ullyatt,7874.919922,ExecutiveClass,AA96,EnHorario
608,Priscella,Bascombe,14089.169922,FirstClass,AA96,EnHorario
609,Kalie,Mayman,19310.830078,ExecutiveClass,AA96,EnVuelo
610,Kenna,Wealleans,15846.620117,EconomyClass,BA64,Aterrizado
611,Gavra,Osmint,6600.990234,ExecutiveClass,AA96,Demorado
612,Jobina,Pentland,7217.740234,EconomyClass,AA96,EnHorario
613,Dagny,Sirmond,12516.650391,FirstClass,BA64,Demorado
614,Bartolemo,Arrell,8463.019531,FirstClass,BA64,EnVuelo
615,Curt,Gouny,14107.070313,FirstClass,BB23,EnHorario
616,Cletus,Zamorrano,11612.400391,EconomyClass,BB23,EnHorario
617,Richmound,Janic,8158.299805,FirstClass,AA96,EnHorario
618,Juieta,Van Dijk,9289.940430,EconomyClass,BA64,Demorado
619,Francesca,Ferrao,18367.619141,FirstClass,BA64,Aterrizado
620,Agustin,Skinley,7913.819824,ExecutiveClass,AA96,EnVuelo
621,Erick,O'Bruen,10233.650391,FirstClass,AA96,EnVuelo
622,Alfonse,Kreber,17280.669922,ExecutiveClass,BA64,Demorado
623,Korie,Gian,12022.209961,EconomyClass,BB23,EnHorario
624,Elissa,Beames,6749.569824,ExecutiveClass,AA96,Demorado
625,Ray,Eslinger,17054.560547,ExecutiveClass,BA64,Demorado
626,Jorge,Checchetelli,11398.450195,ExecutiveClass,AA96,EnVuelo
627,Britteny,Barracks,11340.830078,FirstClass,BB23,Demorado
628,Dorice,Tattershall,13620.660156,FirstClass,BB23,EnHorario
629,Faulkner,Rountree,10722.019531,FirstClass,BB23,EnVuelo
630,Horst,O'Leary,10678.129883,ExecutiveClass,AA96,EnVuelo
631,Mercie,Avison,6156.689941,ExecutiveClass,AA96,EnVuelo
632,Giselle,Calwell,5022.859863,ExecutiveClass,AA96,EnHorario
633,Rutter,Hargate,12824.690430,FirstClass,BB23,EnVuelo
634,Angel,Tiesman,7449.479980,ExecutiveClass,BB23,Aterrizado
635,Carmelina,Catterick,12872.209961,EconomyClass,BA64,EnHorario
636,Raviv,Rotherforth,13509.209961,FirstClass,BB23,Aterrizado
637,Finn,Simoncelli,5390.299805,EconomyClass,BA64,Demorado
638,Lita,Worboy,17013.669922,FirstClass,BA64,EnHorario
639,Elvin,Mulvenna,12695.790039,EconomyClass,AA96,EnHorario
640,Renado,Rhys,19472.289063,ExecutiveClass,AA96,Demorado
641,Susanne,Nucci,17404.820313,ExecutiveClass,BA64,EnVuelo
642,Cordey,Leslie,17137.480469,FirstClass,BA64,EnVuelo
643,Ibrahim,Firk,18546.759766,EconomyClass,BA64,Aterrizado
644,Erie,Carnew,8502.900391,FirstClass,BA64,EnVuelo
645,Marrilee,Noraway,7387.959961,ExecutiveClass,AA96,Aterrizado
646,Adda,Loche,7930.359863,ExecutiveClass,BB23,EnHorario
647,Analise,Plett,8190.640137,FirstClass,BB23,Aterrizado
648,Elianora,Sire,19092.140625,ExecutiveClass,BB23,Demorado
649,Sonia,Clemenson,19350.259766,ExecutiveClass,BA64,EnHorario
650,Pierre,Germaine,14059.500000,FirstClass,AA96,Demorado
651,Sherill,Yakovitch,11403.120117,ExecutiveClass,BB23,Demorado
652,Tucky,Dana,15781.650391,EconomyClass,AA96,Aterrizado
653,Carmela,Hale,7251.729980,EconomyClass,AA96,Aterrizado
654,Leontyne,Brandassi,12462.660156,ExecutiveClass,BA64,EnHorario
655,Rheba,Benham,11418.669922,ExecutiveClass,BA64,EnHorario
656,Bram,Lavens,18116.410156,EconomyClass,BB23,EnHorario
657,Adan,Jindrak,11513.469727,ExecutiveClass,BB23,EnHorario
658,Heall,Gervaise,7740.729980,FirstClass,AA96,EnHorario
659,Stuart,Tansey,12449.459961,ExecutiveClass,BA64,Demorado
660,Celle,Searl,18494.390625,FirstClass,BA64,EnHorario
661,Branden,Merman,13534.950195,FirstClass,AA96,Demorado
662,Rowan,Wheelband,14789.969727,EconomyClass,AA96,EnHorario
663,Gothart,Measor,18107.500000,ExecutiveClass,BA64,EnVuelo
664,Kristal,Jorioz,10669.820313,ExecutiveClass,BB23,Aterrizado
665,Brunhilde,De Few,6420.049805,FirstClass,BA64,Demorado
666,Kerianne,Rollinshaw,12183.400391,FirstClass,BA64,EnVuelo
667,Vikki,Chichgar,13835.259766,EconomyClass,AA96,EnHorario
668,Jeniffer,Fernier,9860.059570,FirstClass,AA96,Demorado
669,Myer,Aloway,12918.599609,ExecutiveClass,AA96,EnVuelo
670,Dianemarie,Doxsey,11488.759766,FirstClass,BB23,EnVuelo
671,Rand,Hendrick,15218.929688,FirstClass,BB23,Aterrizado
672,Cassie,Scanlin,17622.150391,EconomyClass,BA64,Demorado
673,Torey,Ensley,14747.849609,EconomyClass,BA64,EnVuelo
674,Dulcine,Naisbit,5993.490234,FirstClass,AA96,EnHorario
675,Chrissie,Paszak,14813.759766,EconomyClass,BA64,EnVuelo
676,Aldwin,Traske,6438.319824,FirstClass,BA64,Aterrizado
677,Duncan,Noods,8917.599609,FirstClass,BA64,Aterrizado
678,Seline,Danielis,14432.150391,FirstClass,BA64,EnHorario
679,Samara,O'Fallone,15859.320313,FirstClass,BA64,EnVuelo
680,Filmore,Elby,11620.389648,ExecutiveClass,AA96,Demorado
681,Stanly,Waterson,6581.509766,EconomyClass,BB23,EnHorario
682,Blanca,Lantoph,6055.669922,ExecutiveClass,BA64,Demorado
683,Shaylyn,Swires,12503.900391,EconomyClass,BA64,EnHorario
684,Tisha,Cardello,18338.019531,ExecutiveClass,BA64,Demorado
685,Ash,Kinnerley,18398.830078,EconomyClass,BB23,Demorado
686,Hetty,Iacoviello,19111.279297,EconomyClass,AA96,EnHorario
687,Berke,McCreery,17929.939453,FirstClass,BA64,EnHorario
688,Ray,Whatman,11020.330078,ExecutiveClass,AA96,Aterrizado
689,Malanie,L'oiseau,9449.549805,ExecutiveClass,BB23,EnHorario
690,Sydney,Hargitt,11940.000000,ExecutiveClass,BA64,EnVuelo
691,Finn,Primak,16490.609375,EconomyClass,BA64,EnVuelo
692,Kenton,Snookes,6323.379883,FirstClass,BB23,Aterrizado
693,Caleb,Pedrielli,10718.030273,EconomyClass,BB23,EnVuelo
694,Joli,Dowdle,9000.650391,FirstClass,AA96,Demorado
695,Pavla,Muzzall,11674.959961,EconomyClass,BA64,Aterrizado
696,Estrella,Tadd,19600.470703,EconomyClass,AA96,EnHorario
697,Elbertina,Tissell,15123.799805,FirstClass,BA64,Demorado
698,Sheridan,Abbotts,16078.980469,FirstClass,BB23,EnHorario
699,Halimeda,Cottis,11094.769531,ExecutiveClass,BA64,EnVuelo
700,Courtnay,Sapey,16544.609375,ExecutiveClass,BA64,EnHorario
701,Giuseppe,Tripett,14152.780273,EconomyClass,AA96,EnVuelo
702,Jess,Dickins,13449.650391,EconomyClass,AA96,EnHorario
703,Emelyne,Cockaday,14291.099609,FirstClass,AA96,Aterrizado
704,Anabelle,Catherine,11435.139648,FirstClass,BB23,Aterrizado
705,Marcille,Skellorne,6539.500000,EconomyClass,BA64,Demorado
706,Benedick,Loffel,6719.779785,ExecutiveClass,AA96,Demorado
707,Lise,Oldis,15316.809570,ExecutiveClass,BB23,EnHorario
708,Saree,Vinick,7337.620117,FirstClass,BB23,Demorado
709,Raimondo,Cantu,9624.019531,FirstClass,AA96,Demorado
710,Sileas,Nannoni,10062.250000,ExecutiveClass,BA64,EnVuelo
711,Beverley,Chasteau,19781.630859,FirstClass,BA64,EnHorario
712,Dehlia,Yirrell,12988.230469,ExecutiveClass,BB23,EnVuelo
713,Car,Meiner,7477.049805,FirstClass,BA64,EnHorario
714,Aleta,Jedrzejewski,19677.039063,ExecutiveClass,BA64,EnHorario
715,Viviana,Sherville,5941.689941,ExecutiveClass,AA96,Aterrizado
716,Myles,Dalliwater,9406.049805,FirstClass,BB23,EnHorario
717,Orin,Gerrens,15180.019531,ExecutiveClass,AA96,Demorado
718,Karol,Shimmin,18512.130859,FirstClass,AA96,EnVuelo
719,Antony,Penhearow,19609.300781,EconomyClass,BA64,Aterrizado
720,Davy,Udy,9304.519531,ExecutiveClass,BA64,Demorado
721,Hew,Silkstone,9483.280273,ExecutiveClass,BB23,Aterrizado
722,Lind,Deegin,8497.379883,ExecutiveClass,AA96,Aterrizado
723,Parrnell,Rawdales,15007.570313,FirstClass,BA64,Aterrizado
724,Jenna,Carp,8930.549805,FirstClass,BA64,EnVuelo
725,Lamont,De Dei,17243.099609,ExecutiveClass,AA96,Demorado
726,Grace,Rabier,16447.490234,FirstClass,BB23,Demorado
727,Bradford,Dallemore,19922.550781,FirstClass,BB23,Demorado
728,Torrin,Pitt,10512.419922,EconomyClass,BB23,EnVuelo
729,Sergent,Sollon,16374.990234,ExecutiveClass,BA64,Aterrizado
730,Vachel,Duddell,19611.199219,ExecutiveClass,BB23,Demorado
731,Basia,Applegate,8058.759766,ExecutiveClass,BB23,Demorado
732,Bidget,Brason,18887.550781,FirstClass,AA96,Aterrizado
733,Rozalin,Wenderoth,18150.609375,ExecutiveClass,AA96,Demorado
734,Seline,Cowthard,18806.630859,FirstClass,BA64,EnHorario
735,Bunny,Garter,15690.509766,ExecutiveClass,BB23,EnHorario
736,Madalena,Pittem,6361.569824,EconomyClass,AA96,Demorado
737,Carol-jean,Scrowston,9900.240234,FirstClass,BA64,EnHorario
738,Jeri,Belone,6705.200195,EconomyClass,BA64,EnVuelo
739,Adina,Figgess,11272.099609,ExecutiveClass,AA96,Aterrizado
740,Jone,Hursthouse,18192.560547,EconomyClass,BB23,Aterrizado
741,Arthur,MacUchadair,5432.930176,FirstClass,AA96,Aterrizado
742,Teador,Towns,16722.730469,EconomyClass,BB23,EnVuelo
743,Ofella,Petrichat,6566.740234,FirstClass,BA64,EnVuelo
744,Atlanta,Elder,16198.799805,ExecutiveClass,BA64,Aterrizado
745,Morie,Battams,8901.370117,ExecutiveClass,BB23,EnHorario
746,Wyn,Goaks,9370.030273,FirstClass,AA96,Demorado
747,Barth,Dumbleton,5015.520020,ExecutiveClass,AA96,Demorado
748,Ricardo,Garnson,11911.709961,EconomyClass,BB23,Demorado
749,Meris,Jindrich,7706.660156,FirstClass,BA64,Demorado
750,Hermia,Petrasch,19729.929688,FirstClass,AA96,Demorado
751,Rollin,Taggerty,15934.019531,ExecutiveClass,BB23,EnHorario
752,Esma,Anney,10618.620117,ExecutiveClass,BB23,Aterrizado
753,Bob,Houldey,11014.320313,FirstClass,AA96,Aterrizado
754,Beryl,Stallard,7131.919922,EconomyClass,AA96,EnVuelo
755,Duke,Eisak,7521.520020,EconomyClass,BB23,EnHorario
756,Gertrud,Dodsley,11226.879883,EconomyClass,BA64,EnVuelo
757,Jerrylee,Ebertz,6361.200195,FirstClass,BA64,EnHorario
758,Garald,Rame,17672.189453,FirstClass,BA64,EnHorario
759,Mikey,Plank,13060.639648,EconomyClass,BA64,EnVuelo
760,Wolf,Ianitti,10479.280273,FirstClass,BA64,EnVuelo
761,Cecilio,Abbys,9961.530273,FirstClass,AA96,Aterrizado
762,Nerty,Follitt,10515.570313,ExecutiveClass,BB23,EnVuelo
763,Corri,Hasley,6493.979980,EconomyClass,BA64,EnVuelo
764,Elberta,Sneden,17491.230469,FirstClass,BB23,EnVuelo
765,Ben,Bromidge,17372.660156,FirstClass,BA64,Aterrizado
766,Harlan,Brounsell,12084.830078,ExecutiveClass,BB23,Aterrizado
767,Vanya,McFayden,18996.039063,FirstClass,BA64,Demorado
768,Fiorenze,Meech,18654.410156,EconomyClass,BA64,Aterrizado
769,Pace,Brazil,12129.009766,FirstClass,BB23,Demorado
770,Gael,Skippen,12719.959961,ExecutiveClass,BB23,EnVuelo
771,Valene,Plowes,12628.540039,FirstClass,BB23,EnHorario
772,Beret,McGrudder,15394.530273,EconomyClass,AA96,EnHorario
773,Siouxie,Moorfield,18093.000000,EconomyClass,AA96,Aterrizado
774,Roby,Synder,5419.149902,ExecutiveClass,BB23,Demorado
775,Carlos,Spilisy,6087.709961,EconomyClass,BB23,EnVuelo
776,Aridatha,Toffler,11126.049805,FirstClass,BB23,Demorado
777,Shirl,Lidgerton,12970.440430,EconomyClass,BA64,Aterrizado
778,Marci,Follitt,8895.280273,FirstClass,BB23,EnHorario
779,Mahmud,Butler,17192.779297,ExecutiveClass,AA96,Aterrizado
780,Odelinda,Thurlborn,19142.109375,FirstClass,BB23,Aterrizado
781,Nicolina,Beminster,8927.480469,EconomyClass,BB23,EnHorario
782,Marissa,Flacke,12968.730469,EconomyClass,BB23,EnHorario
783,Austina,Hollingsby,9699.799805,EconomyClass,BA64,EnHorario
784,Cari,Fewtrell,13675.639648,ExecutiveClass,BA64,EnHorario
785,Birdie,Bennellick,9008.410156,ExecutiveClass,BA64,Aterrizado
786,Glynn,Lubeck,5066.680176,ExecutiveClass,BB23,EnHorario
787,Riki,Lill,11721.620117,EconomyClass,BB23,EnHorario
788,Corilla,Burden,7009.160156,FirstClass,BB23,Aterrizado
789,Nataline,Karchowski,9565.780273,ExecutiveClass,BB23,EnHorario
790,Em,Pithie,9351.179688,FirstClass,BA64,Demorado
791,Virgie,Pendred,9967.790039,ExecutiveClass,BA64,Demorado
792,Carlin,Ayris,18573.810547,EconomyClass,AA96,Aterrizado
793,Phil,Turfitt,8321.049805,EconomyClass,AA96,EnVuelo
794,Juliana,Blumire,13289.509766,FirstClass,BA64,EnVuelo
795,Melvin,Kiwitz,18853.320313,FirstClass,AA96,EnVuelo
796,Aurelie,Limeburn,18568.769531,ExecutiveClass,BA64,Aterrizado
797,Beryl,Ralfe,12039.150391,EconomyClass,AA96,EnVuelo
798,Kelbee,Maberley,16724.910156,ExecutiveClass,AA96,Aterrizado
799,Sunny,Shugg,14757.740234,EconomyClass,BA64,Demorado
800,Sebastien,Romera,19190.429688,ExecutiveClass,AA96,EnHorario
801,Newton,Siege,16961.130859,FirstClass,AA96,Aterrizado
802,Amalle,Fley,18855.910156,FirstClass,AA96,Demorado
803,Lind,Killock,19068.390625,EconomyClass,BA64,EnVuelo
804,Beatrisa,McSperron,6695.549805,ExecutiveClass,BB23,EnHorario
805,Seline,Imlaw,9967.690430,FirstClass,BB23,Aterrizado
806,Chrissy,Beardshall,12183.290039,ExecutiveClass,BA64,Aterrizado
807,Barbara-anne,Whistlecroft,11780.549805,ExecutiveClass,BB23,Demorado
808,Danyette,Peacocke,6730.169922,FirstClass,AA96,EnVuelo
809,Leshia,Boddie,18866.109375,ExecutiveClass,AA96,Demorado
810,Kiele,Gerdes,10133.219727,FirstClass,BA64,EnHorario
811,Randa,Le Blond,9175.200195,FirstClass,BB23,EnHorario
812,Boony,Crosher,10695.940430,ExecutiveClass,BA64,EnVuelo
813,Cornelius,Mothersole,7306.470215,ExecutiveClass,AA96,Aterrizado
814,Olive,Facer,13966.700195,EconomyClass,AA96,EnVuelo
815,Ealasaid,Record,18423.140625,EconomyClass,BB23,Demorado
816,Lauretta,Annion,7214.600098,FirstClass,BA64,EnVuelo
817,Cayla,Smowton,15801.400391,FirstClass,BA64,EnHorario
818,Erasmus,January 1st,8511.549805,FirstClass,BB23,EnVuelo
819,Carlo,Matissoff,5146.029785,ExecutiveClass,AA96,Aterrizado
820,Cully,Aucott,16882.599609,EconomyClass,AA96,EnVuelo
821,Arlyne,Hawthorne,5333.589844,EconomyClass,BB23,EnVuelo
822,Dacia,Budget,16237.750000,FirstClass,BB23,EnHorario
823,Ethel,Naughton,14838.450195,FirstClass,BB23,Aterrizado
824,Georgeanne,Snyder,11634.389648,FirstClass,BA64,EnVuelo
825,Tamar,Lindholm,11159.509766,EconomyClass,BA64,EnHorario
826,Stacy,Lanchberry,9195.679688,ExecutiveClass,AA96,EnHorario
827,Alleyn,Crosher,11298.400391,FirstClass,BB23,Demorado
828,Mata,Gittins,15996.259766,FirstClass,BB23,EnHorario
829,Gill,Sabbins,17499.619141,FirstClass,BA64,EnHorario
830,Pete,Chrippes,5487.439941,FirstClass,AA96,Demorado
831,Desiree,Ormerod,16872.789063,ExecutiveClass,AA96,EnVuelo
832,Celia,Chaloner,17346.679688,ExecutiveClass,BB23,EnVuelo
833,Manya,Gurys,5944.029785,ExecutiveClass,BA64,Aterrizado
834,Drusi,Bertelet,12286.059570,EconomyClass,AA96,Aterrizado
835,Raleigh,Rupprecht,5734.450195,FirstClass,BA64,Demorado
836,Forrest,Ecob,14025.879883,EconomyClass,BB23,Aterrizado
837,Susie,Lynnett,9643.120117,FirstClass,BA64,Aterrizado
838,Dierdre,Breens,9390.589844,FirstClass,BB23,EnHorario
839,Aileen,Dehn,5952.129883,EconomyClass,AA96,Demorado
840,Evelin,McManamen,5887.319824,FirstClass,BB23,EnHorario
841,Bryn,Morewood,5816.740234,ExecutiveClass,AA96,EnHorario
842,Jaime,Toffaloni,6698.640137,EconomyClass,BB23,Aterrizado
843,Toiboid,Di Giacomettino,15717.820313,FirstClass,AA96,EnHorario
844,Darsey,Selway,13376.139648,ExecutiveClass,BB23,EnVuelo
845,Manfred,Swalwell,10763.730469,ExecutiveClass,BA64,Aterrizado
846,Lindsey,Clayborn,16702.039063,EconomyClass,BA64,EnVuelo
847,Abrahan,Joron,9154.780273,FirstClass,BB23,Demorado
848,Fairfax,Maleney,12765.660156,EconomyClass,BA64,EnHorario
849,Jacques,Ortell,17406.230469,EconomyClass,BB23,Demorado
850,Mariann,Scoterbosh,15229.769531,FirstClass,BA64,EnHorario
851,Monica,Node,16200.459961,EconomyClass,BA64,EnVuelo
852,Nonna,Kinloch,10983.150391,ExecutiveClass,BB23,Aterrizado
853,Georgiana,Pariso,11761.559570,FirstClass,BA64,Demorado
854,Chaunce,Hallum,5806.799805,EconomyClass,AA96,Demorado
855,Norrie,Carletto,9660.040039,EconomyClass,AA96,EnVuelo
856,Paddie,Longina,13323.730469,ExecutiveClass,BA64,EnVuelo
857,Jillie,Christofor,5958.729980,ExecutiveClass,BA64,EnVuelo
858,Vergil,Midgely,19569.419922,FirstClass,AA96,EnVuelo
859,Barn,Davydychev,12977.820313,FirstClass,AA96,EnVuelo
860,Meriel,Kivits,13727.129883,FirstClass,BB23,Aterrizado
861,Stacie,Monkeman,14567.160156,EconomyClass,AA96,EnVuelo
862,Trstram,Waggett,10330.709961,FirstClass,BB23,Aterrizado
863,Lyda,Mannie,9616.740234,EconomyClass,BA64,Demorado
864,Albina,Whitty,7648.560059,FirstClass,AA96,EnHorario
865,Dionne,Eckels,5971.979980,ExecutiveClass,BA64,Demorado
866,Jelene,Diviney,5073.790039,ExecutiveClass,BB23,Aterrizado
867,Sophey,Alexandrou,12997.809570,ExecutiveClass,AA96,EnHorario
868,Conny,Sennett,5165.000000,ExecutiveClass,AA96,Demorado
869,Clemmie,Cooper,8235.219727,FirstClass,BB23,Demorado
870,Edmund,Smurthwaite,6692.209961,ExecutiveClass,BB23,EnHorario
871,Anabella,Bolsover,19153.980469,ExecutiveClass,AA96,Aterrizado
872,Saunderson,Umbers,14045.169922,FirstClass,BB23,Demorado
873,Saunders,Hylden,15258.959961,ExecutiveClass,BB23,Demorado
874,Waiter,Probet,13536.549805,FirstClass,BB23,EnVuelo
875,Marty,Othen,16092.389648,EconomyClass,AA96,Demorado
876,Mariam,Shildrake,6255.200195,ExecutiveClass,BA64,EnHorario
877,Hettie,Gellett,14856.410156,FirstClass,AA96,Demorado
878,Matty,Habbergham,5075.399902,ExecutiveClass,AA96,Demorado
879,Valerie,Elldred,14235.610352,EconomyClass,BA64,Demorado
880,Doretta,Eveleigh,7115.020020,EconomyClass,AA96,Demorado
881,Griff,Lovstrom,15053.519531,ExecutiveClass,BB23,EnHorario
882,Dagmar,Seater,10697.030273,FirstClass,BA64,Aterrizado
883,Leland,Durkin,16067.700195,FirstClass,AA96,Aterrizado
884,Tamiko,Levine,16232.849609,FirstClass,AA96,Demorado
885,Cross,Gartery,14877.639648,EconomyClass,BB23,EnHorario
886,Amargo,Sailes,9621.230469,ExecutiveClass,BA64,Aterrizado
887,Garnette,Donaghy,13370.959961,EconomyClass,BA64,Demorado
888,Hashim,Temblett,5838.580078,EconomyClass,AA96,EnVuelo
889,Galina,Yurevich,12386.509766,ExecutiveClass,AA96,EnHorario
890,Vonny,Pratley,11114.870117,EconomyClass,BA64,Demorado
891,Appolonia,Crofts,11136.950195,FirstClass,BA64,EnHorario
892,Benedicto,Thackham,11674.410156,ExecutiveClass,BB23,EnVuelo
893,Louisette,Bonnell,8674.059570,ExecutiveClass,BB23,EnHorario
894,Kristian,Hub,7538.149902,ExecutiveClass,BA64,EnHorario
895,Mayor,Disney,14551.190430,ExecutiveClass,AA96,Aterrizado
896,Booth,McGeechan,15910.700195,ExecutiveClass,AA96,EnVuelo
897,Bobina,Barnsley,10329.200195,FirstClass,AA96,EnVuelo
898,Giffy,Perrington,18586.140625,ExecutiveClass,BB23,Demorado
899,Elset,Jellis,10344.889648,EconomyClass,BB23,Aterrizado
900,Avivah,Deabill,5458.660156,FirstClass,BA64,EnHorario
901,Berkley,Debow,7229.990234,ExecutiveClass,AA96,EnVuelo
902,Anitra,Durtnell,17951.890625,ExecutiveClass,AA96,Demorado
903,Odilia,Brandt,8110.620117,ExecutiveClass,BA64,EnVuelo
904,Devon,Astall,15778.959961,ExecutiveClass,AA96,EnVuelo
905,Keelby,Ebbens,17658.150391,EconomyClass,BA64,EnVuelo
906,Hollis,Franklyn,12071.290039,ExecutiveClass,AA96,Demorado
907,Consalve,Beekman,17257.210938,ExecutiveClass,BA64,Aterrizado
908,Dillie,Moncur,9017.669922,FirstClass,BA64,Demorado
909,Carter,Frohock,18564.650391,ExecutiveClass,BA64,Demorado
910,Denney,Clute,12120.950195,EconomyClass,AA96,Demorado
911,Dulcea,Gollard,7409.850098,ExecutiveClass,AA96,Demorado
912,Fay,Hazlehurst,18486.320313,EconomyClass,BA64,Demorado
913,Aloysius,Dallman,7115.399902,FirstClass,AA96,Aterrizado
914,Britta,Chisolm,18552.060547,FirstClass,BB23,Demorado
915,Frederique,Grayshan,13266.059570,EconomyClass,BB23,Demorado
916,Tedi,Sackett,18730.839844,FirstClass,AA96,Demorado
917,Jonell,Ziehms,6836.000000,ExecutiveClass,BA64,Demorado
918,Lanie,Loffel,5051.859863,EconomyClass,BB23,EnHorario
919,Gregg,Freezor,19191.449219,ExecutiveClass,AA96,Aterrizado
920,Margette,Collyns,15318.049805,ExecutiveClass,AA96,EnHorario
921,Gregoire,Gelletly,18512.810547,FirstClass,BB23,EnVuelo
922,Nadean,Kierans,19385.949219,EconomyClass,BB23,EnVuelo
923,Myrtice,Clemot,7473.000000,FirstClass,AA96,Demorado
924,Deb,Beed,11656.509766,FirstClass,BA64,Aterrizado
925,Vilhelmina,Apfel,16621.029297,EconomyClass,AA96,EnHorario
926,Clemente,Puttock,8572.570313,EconomyClass,AA96,Demorado
927,Joshua,Jamme,17798.900391,EconomyClass,BB23,Demorado
928,Weylin,Hoxey,12044.009766,FirstClass,AA96,EnHorario
929,Petra,Rounding,16545.339844,ExecutiveClass,BA64,Demorado
930,John,Duiguid,14981.530273,ExecutiveClass,BA64,Aterrizado
931,Hymie,Schiersch,14586.549805,FirstClass,AA96,Demorado
932,Hana,Gash,8506.019531,ExecutiveClass,BB23,Demorado
933,Edik,Rasch,6180.810059,ExecutiveClass,AA96,Aterrizado
934,Gasper,Silliman,15526.519531,ExecutiveClass,AA96,EnHorario
935,Farly,Wager,18964.949219,ExecutiveClass,AA96,EnVuelo
936,Jarib,Smurthwaite,14191.910156,ExecutiveClass,BA64,Aterrizado
937,Amargo,Griffiths,13646.200195,EconomyClass,AA96,EnVuelo
938,Max,Barson,11456.360352,ExecutiveClass,BB23,EnHorario
939,Karna,Bond,18079.109375,FirstClass,BB23,Demorado
940,Hewet,Elstone,8499.320313,FirstClass,AA96,EnVuelo
941,Gavin,Rispin,9410.669922,ExecutiveClass,AA96,EnVuelo
942,Brynna,Piscot,12866.480469,ExecutiveClass,BB23,EnHorario
943,Dorie,Phillis,15134.679688,FirstClass,BB23,EnVuelo
944,Tiffanie,Lyndon,7220.129883,EconomyClass,AA96,EnVuelo
945,Alli,Rudham,11216.030273,FirstClass,BA64,Aterrizado
946,Ive,Wake,14136.530273,ExecutiveClass,AA96,EnHorario
947,Brendin,Stride,14156.019531,FirstClass,BB23,EnVuelo
948,Jenny,Totman,15117.070313,EconomyClass,BA64,EnVuelo
949,Leila,Corneljes,8852.030273,FirstClass,AA96,EnVuelo
950,Kay,Filipczynski,17498.519531,EconomyClass,BB23,Aterrizado
951,Alley,Preuvost,13815.809570,EconomyClass,BA64,EnHorario
952,Ophelie,Burbage,19108.919922,EconomyClass,BB23,EnVuelo
953,Dareen,Chattington,14329.120117,ExecutiveClass,BA64,EnVuelo
954,Rea,Kinworthy,17483.210938,EconomyClass,BA64,Demorado
955,Even,Jocic,12677.150391,EconomyClass,BB23,EnHorario
956,Rock,Eva,7815.930176,ExecutiveClass,BA64,Demorado
957,Mozelle,Foottit,13878.269531,FirstClass,BA64,Demorado
958,Paulie,Beekman,14671.250000,ExecutiveClass,BA64,EnVuelo
959,Tris,Boase,16340.530273,ExecutiveClass,AA96,EnVuelo
960,Chen,Ewart,11418.330078,EconomyClass,BB23,Demorado
961,Alta,Kalb,15568.540039,FirstClass,BA64,EnVuelo
962,Nels,Arthan,5763.910156,ExecutiveClass,BA64,Demorado
963,Layla,Edgecumbe,19210.199219,FirstClass,BA64,Aterrizado
964,Catherina,Admans,13380.549805,FirstClass,BB23,EnHorario
965,Johnette,Faers,18366.140625,EconomyClass,BB23,EnVuelo
966,Torry,Beadham,17881.060547,EconomyClass,BB23,Aterrizado
967,Elisabetta,Littrik,12078.429688,EconomyClass,BA64,EnVuelo
968,Trueman,Golden,9697.110352,FirstClass,AA96,Aterrizado
969,Abrahan,Nucciotti,16256.650391,FirstClass,BA64,EnVuelo
970,Abbey,Bachanski,19503.089844,EconomyClass,BB23,Aterrizado
971,Burty,Oertzen,9825.000000,ExecutiveClass,AA96,EnVuelo
972,Bill,Brumen,9269.040039,FirstClass,BA64,Demorado
973,Town,Parlet,19172.050781,EconomyClass,BA64,EnVuelo
974,Ofelia,Ziemsen,15195.700195,ExecutiveClass,BA64,EnVuelo
975,Levey,Watman,19618.730469,FirstClass,AA96,Aterrizado
976,Katti,Ryde,14299.230469,ExecutiveClass,BA64,EnVuelo
977,Winfield,Drohane,18305.580078,FirstClass,BB23,Demorado
978,Spenser,Bartzen,11570.120117,FirstClass,BA64,EnVuelo
979,Wilhelm,Rycraft,10757.309570,EconomyClass,BA64,EnHorario
980,Yvette,Dumbrall,5238.950195,FirstClass,BB23,EnVuelo
981,Eleen,Newcomen,18942.339844,EconomyClass,AA96,EnHorario
982,Harlie,Peter,7391.319824,EconomyClass,BA64,Demorado
983,Terrie,Muff,12320.769531,ExecutiveClass,BA64,EnVuelo
984,Elihu,Eslinger,6753.120117,EconomyClass,BB23,EnVuelo
985,Nealy,Shilleto,15282.440430,EconomyClass,BB23,EnVuelo
986,Con,Lorence,15646.629883,FirstClass,BA64,Demorado
987,Desiree,Dicte,19920.619141,FirstClass,AA96,Aterrizado
988,Paulina,Kilrow,10961.110352,EconomyClass,BA64,EnVuelo
989,Rivi,Lees,8053.140137,EconomyClass,AA96,Aterrizado
990,Todd,Rouchy,10154.879883,FirstClass,BA64,EnHorario
991,Silvain,Hadingham,14371.070313,ExecutiveClass,AA96,EnHorario
992,Guido,Ximenez,5095.580078,ExecutiveClass,BA64,Demorado
993,Gardy,Bandey,9232.780273,EconomyClass,BA64,EnHorario
994,Shellysheldon,Pionter,7391.310059,EconomyClass,AA96,EnHorario
995,Karlen,Maxsted,19632.500000,EconomyClass,AA96,EnVuelo
996,Doretta,Summerrell,10401.809570,EconomyClass,AA96,Demorado
997,Daffie,Schusterl,15082.419922,EconomyClass,AA96,Demorado
998,Charis,Antic,8107.180176,ExecutiveClass,AA96,EnHorario
999,Cosette,Glassopp,10289.799805,ExecutiveClass,AA96,Aterrizado
1000,Milagros,Luna,1596.319946,ExecutiveClass,ZZZZ,Aterrizado
1001,German,Martinez,889903.000000,ExecutiveClass,FG89,EnVuelo
1002,Melendi,Romma,563201.000000,FirstClass,MM26,EnHorario
1003,Jonathan,Geores,556.320007,EconomyClass,EZZZ,Aterrizado
1007,Pedro,Irribarra,10236.000000,FirstClass,AA78,EnVuelo
